{
  "type": "minecraft:chest",
  "pools": [
    {
      "rolls": {
        "type": "minecraft:constant",
        "value": 1
      },
      "entries": [
        {
          "type": "minecraft:item",
          "weight": 1,
          "name": "minecraft:arrow",
          "functions": [
            {
              "count": {
                "type": "minecraft:uniform",
                "min": 4,
                "max": 7
              },
              "function": "minecraft:set_count",
              "add": false
            }
          ]
        }
      ]
    }
  ],
  "random_sequence": "unwrecked_ships:dispensers/arrow_dispenser"
}