{
  "processors": [
    {
      "processor_type": "minecraft:rule",
      "rules": [
        {
          "location_predicate": {
            "predicate_type": "minecraft:always_true"
          },
          "input_predicate": {
            "predicate_type": "minecraft:random_block_match",
            "block": "minecraft:white_wool",
            "probability": 1.0
          },
          "output_state": {
            "Name": "minecraft:green_wool"
          }
        }
      ]
    }
  ]
}