{
    "name": "unwrecked_ships:ship/keel",
    "fallback": "minecraft:empty",
    "elements": [
        {
            "weight": 1,
            "element": {
                "element_type": "minecraft:single_pool_element",
                "location": "unwrecked_ships:ship/keel/nether/crimson_keel",
                "projection": "rigid",
                "processors": "minecraft:empty"
            }
        },
        {
            "weight": 1,
            "element": {
                "element_type": "minecraft:single_pool_element",
                "location": "unwrecked_ships:ship/keel/nether/warped_keel",
                "projection": "rigid",
                "processors": "minecraft:empty"
            }
        },
        {
            "weight": 2,
            "element": {
                "element_type": "minecraft:single_pool_element",
                "location": "unwrecked_ships:ship/keel/oak_keel",
                "projection": "rigid",
                "processors": "unwrecked_ships:lanterns"
            }
        },
        {
            "weight": 4,
            "element": {
                "element_type": "minecraft:single_pool_element",
                "location": "unwrecked_ships:ship/keel/spruce_keel",
                "projection": "rigid",
                "processors": "unwrecked_ships:lanterns"
            }
        },
        {
            "weight": 2,
            "element": {
                "element_type": "minecraft:single_pool_element",
                "location": "unwrecked_ships:ship/keel/birch_keel",
                "projection": "rigid",
                "processors": "unwrecked_ships:lanterns"
            }
        },
        {
            "weight": 3,
            "element": {
                "element_type": "minecraft:single_pool_element",
                "location": "unwrecked_ships:ship/keel/jungle_keel",
                "projection": "rigid",
                "processors": "unwrecked_ships:lanterns"
            }
        },
        {
            "weight": 1,
            "element": {
                "element_type": "minecraft:single_pool_element",
                "location": "unwrecked_ships:ship/keel/acacia_keel",
                "projection": "rigid",
                "processors": "unwrecked_ships:lanterns"
            }
        },
        {
            "weight": 2,
            "element": {
                "element_type": "minecraft:single_pool_element",
                "location": "unwrecked_ships:ship/keel/dark_oak_keel",
                "projection": "rigid",
                "processors": "unwrecked_ships:lanterns"
            }
        },
        {
            "weight": 1,
            "element": {
                "element_type": "minecraft:single_pool_element",
                "location": "unwrecked_ships:ship/keel/mangrove_keel",
                "projection": "rigid",
                "processors": "unwrecked_ships:lanterns"
            }
        },
        {
            "weight": 1,
            "element": {
                "element_type": "minecraft:single_pool_element",
                "location": "unwrecked_ships:ship/keel/cherry_keel",
                "projection": "rigid",
                "processors": "unwrecked_ships:lanterns"
            }
        },
        {
            "weight": 1,
            "element": {
                "element_type": "minecraft:single_pool_element",
                "location": "unwrecked_ships:ship/keel/bamboo_keel",
                "projection": "rigid",
                "processors": "unwrecked_ships:lanterns"
            }
        },
        {
            "weight": 1,
            "element": {
                "element_type": "minecraft:single_pool_element",
                "location": "unwrecked_ships:ship/keel/pale_oak_keel",
                "projection": "rigid",
                "processors": "unwrecked_ships:lanterns"
            }
        }
    ]
}