{
    "name": "unwrecked_ships:ship/sails",
    "fallback": "minecraft:empty",
    "elements": [
        {
            "weight": 4,
            "element": {
                "element_type": "minecraft:single_pool_element",
                "location": "unwrecked_ships:ship/sails/nether/warped_sails",
                "projection": "rigid",
                "processors": "minecraft:empty"
            }
        },
        {
            "weight": 4,
            "element": {
                "element_type": "minecraft:single_pool_element",
                "location": "unwrecked_ships:ship/sails/nether/crimson_sails",
                "projection": "rigid",
                "processors": "minecraft:empty"
            }
        },
        {
            "weight": 1,
            "element": {
                "element_type": "minecraft:single_pool_element",
                "location": "unwrecked_ships:ship/sails/nether/vertical_warped_sails_primary",
                "projection": "rigid",
                "processors": "minecraft:empty"
            }
        },
        {
            "weight": 1,
            "element": {
                "element_type": "minecraft:single_pool_element",
                "location": "unwrecked_ships:ship/sails/nether/vertical_crimson_sails_primary",
                "projection": "rigid",
                "processors": "minecraft:empty"
            }
        },
        {
            "weight": 1,
            "element": {
                "element_type": "minecraft:single_pool_element",
                "location": "unwrecked_ships:ship/sails/nether/horizontal_warped_sails_primary",
                "projection": "rigid",
                "processors": "minecraft:empty"
            }
        },
        {
            "weight": 1,
            "element": {
                "element_type": "minecraft:single_pool_element",
                "location": "unwrecked_ships:ship/sails/nether/horizontal_crimson_sails_primary",
                "projection": "rigid",
                "processors": "minecraft:empty"
            }
        },
        {
            "weight": 40,
            "element": {
                "element_type": "minecraft:single_pool_element",
                "location": "unwrecked_ships:ship/sails/white_sails",
                "projection": "rigid",
                "processors": "minecraft:empty"
            }
        },
        {
            "weight": 40,
            "element": {
                "element_type": "minecraft:single_pool_element",
                "location": "unwrecked_ships:ship/sails/white_sails",
                "projection": "rigid",
                "processors": "unwrecked_ships:sails/light_gray_sails"
            }
        },
        {
            "weight": 5,
            "element": {
                "element_type": "minecraft:single_pool_element",
                "location": "unwrecked_ships:ship/sails/white_sails",
                "projection": "rigid",
                "processors": "unwrecked_ships:sails/gray_sails"
            }
        },
        {
            "weight": 3,
            "element": {
                "element_type": "minecraft:single_pool_element",
                "location": "unwrecked_ships:ship/sails/white_sails",
                "projection": "rigid",
                "processors": "unwrecked_ships:sails/black_sails"
            }
        },
        {
            "weight": 20,
            "element": {
                "element_type": "minecraft:single_pool_element",
                "location": "unwrecked_ships:ship/sails/white_sails",
                "projection": "rigid",
                "processors": "unwrecked_ships:sails/brown_sails"
            }
        },
        {
            "weight": 3,
            "element": {
                "element_type": "minecraft:single_pool_element",
                "location": "unwrecked_ships:ship/sails/white_sails",
                "projection": "rigid",
                "processors": "unwrecked_ships:sails/red_sails"
            }
        },
        {
            "weight": 3,
            "element": {
                "element_type": "minecraft:single_pool_element",
                "location": "unwrecked_ships:ship/sails/white_sails",
                "projection": "rigid",
                "processors": "unwrecked_ships:sails/orange_sails"
            }
        },
        {
            "weight": 10,
            "element": {
                "element_type": "minecraft:single_pool_element",
                "location": "unwrecked_ships:ship/sails/white_sails",
                "projection": "rigid",
                "processors": "unwrecked_ships:sails/yellow_sails"
            }
        },
        {
            "weight": 3,
            "element": {
                "element_type": "minecraft:single_pool_element",
                "location": "unwrecked_ships:ship/sails/white_sails",
                "projection": "rigid",
                "processors": "unwrecked_ships:sails/lime_sails"
            }
        },
        {
            "weight": 3,
            "element": {
                "element_type": "minecraft:single_pool_element",
                "location": "unwrecked_ships:ship/sails/white_sails",
                "projection": "rigid",
                "processors": "unwrecked_ships:sails/green_sails"
            }
        },
        {
            "weight": 3,
            "element": {
                "element_type": "minecraft:single_pool_element",
                "location": "unwrecked_ships:ship/sails/white_sails",
                "projection": "rigid",
                "processors": "unwrecked_ships:sails/cyan_sails"
            }
        },
        {
            "weight": 3,
            "element": {
                "element_type": "minecraft:single_pool_element",
                "location": "unwrecked_ships:ship/sails/white_sails",
                "projection": "rigid",
                "processors": "unwrecked_ships:sails/light_blue_sails"
            }
        },
        {
            "weight": 3,
            "element": {
                "element_type": "minecraft:single_pool_element",
                "location": "unwrecked_ships:ship/sails/white_sails",
                "projection": "rigid",
                "processors": "unwrecked_ships:sails/blue_sails"
            }
        },
        {
            "weight": 3,
            "element": {
                "element_type": "minecraft:single_pool_element",
                "location": "unwrecked_ships:ship/sails/white_sails",
                "projection": "rigid",
                "processors": "unwrecked_ships:sails/purple_sails"
            }
        },
        {
            "weight": 3,
            "element": {
                "element_type": "minecraft:single_pool_element",
                "location": "unwrecked_ships:ship/sails/white_sails",
                "projection": "rigid",
                "processors": "unwrecked_ships:sails/magenta_sails"
            }
        },
        {
            "weight": 3,
            "element": {
                "element_type": "minecraft:single_pool_element",
                "location": "unwrecked_ships:ship/sails/white_sails",
                "projection": "rigid",
                "processors": "unwrecked_ships:sails/pink_sails"
            }
        },
        {
            "weight": 1,
            "element": {
                "element_type": "minecraft:single_pool_element",
                "location": "unwrecked_ships:ship/sails/vertical_white_sails_primary",
                "projection": "rigid",
                "processors": "minecraft:empty"
            }
        },
        {
            "weight": 1,
            "element": {
                "element_type": "minecraft:single_pool_element",
                "location": "unwrecked_ships:ship/sails/vertical_white_sails_primary",
                "projection": "rigid",
                "processors": "unwrecked_ships:sails/light_gray_sails"
            }
        },
        {
            "weight": 1,
            "element": {
                "element_type": "minecraft:single_pool_element",
                "location": "unwrecked_ships:ship/sails/vertical_white_sails_primary",
                "projection": "rigid",
                "processors": "unwrecked_ships:sails/gray_sails"
            }
        },
        {
            "weight": 1,
            "element": {
                "element_type": "minecraft:single_pool_element",
                "location": "unwrecked_ships:ship/sails/vertical_white_sails_primary",
                "projection": "rigid",
                "processors": "unwrecked_ships:sails/black_sails"
            }
        },
        {
            "weight": 1,
            "element": {
                "element_type": "minecraft:single_pool_element",
                "location": "unwrecked_ships:ship/sails/vertical_white_sails_primary",
                "projection": "rigid",
                "processors": "unwrecked_ships:sails/brown_sails"
            }
        },
        {
            "weight": 1,
            "element": {
                "element_type": "minecraft:single_pool_element",
                "location": "unwrecked_ships:ship/sails/vertical_white_sails_primary",
                "projection": "rigid",
                "processors": "unwrecked_ships:sails/red_sails"
            }
        },
        {
            "weight": 1,
            "element": {
                "element_type": "minecraft:single_pool_element",
                "location": "unwrecked_ships:ship/sails/vertical_white_sails_primary",
                "projection": "rigid",
                "processors": "unwrecked_ships:sails/orange_sails"
            }
        },
        {
            "weight": 1,
            "element": {
                "element_type": "minecraft:single_pool_element",
                "location": "unwrecked_ships:ship/sails/vertical_white_sails_primary",
                "projection": "rigid",
                "processors": "unwrecked_ships:sails/yellow_sails"
            }
        },
        {
            "weight": 1,
            "element": {
                "element_type": "minecraft:single_pool_element",
                "location": "unwrecked_ships:ship/sails/vertical_white_sails_primary",
                "projection": "rigid",
                "processors": "unwrecked_ships:sails/lime_sails"
            }
        },
        {
            "weight": 1,
            "element": {
                "element_type": "minecraft:single_pool_element",
                "location": "unwrecked_ships:ship/sails/vertical_white_sails_primary",
                "projection": "rigid",
                "processors": "unwrecked_ships:sails/green_sails"
            }
        },
        {
            "weight": 1,
            "element": {
                "element_type": "minecraft:single_pool_element",
                "location": "unwrecked_ships:ship/sails/vertical_white_sails_primary",
                "projection": "rigid",
                "processors": "unwrecked_ships:sails/cyan_sails"
            }
        },
        {
            "weight": 1,
            "element": {
                "element_type": "minecraft:single_pool_element",
                "location": "unwrecked_ships:ship/sails/vertical_white_sails_primary",
                "projection": "rigid",
                "processors": "unwrecked_ships:sails/light_blue_sails"
            }
        },
        {
            "weight": 1,
            "element": {
                "element_type": "minecraft:single_pool_element",
                "location": "unwrecked_ships:ship/sails/vertical_white_sails_primary",
                "projection": "rigid",
                "processors": "unwrecked_ships:sails/blue_sails"
            }
        },
        {
            "weight": 1,
            "element": {
                "element_type": "minecraft:single_pool_element",
                "location": "unwrecked_ships:ship/sails/vertical_white_sails_primary",
                "projection": "rigid",
                "processors": "unwrecked_ships:sails/purple_sails"
            }
        },
        {
            "weight": 1,
            "element": {
                "element_type": "minecraft:single_pool_element",
                "location": "unwrecked_ships:ship/sails/vertical_white_sails_primary",
                "projection": "rigid",
                "processors": "unwrecked_ships:sails/magenta_sails"
            }
        },
        {
            "weight": 1,
            "element": {
                "element_type": "minecraft:single_pool_element",
                "location": "unwrecked_ships:ship/sails/vertical_white_sails_primary",
                "projection": "rigid",
                "processors": "unwrecked_ships:sails/pink_sails"
            }
        },
        {
            "weight": 1,
            "element": {
                "element_type": "minecraft:single_pool_element",
                "location": "unwrecked_ships:ship/sails/horizontal_white_sails_primary",
                "projection": "rigid",
                "processors": "minecraft:empty"
            }
        },
        {
            "weight": 1,
            "element": {
                "element_type": "minecraft:single_pool_element",
                "location": "unwrecked_ships:ship/sails/horizontal_white_sails_primary",
                "projection": "rigid",
                "processors": "unwrecked_ships:sails/light_gray_sails"
            }
        },
        {
            "weight": 1,
            "element": {
                "element_type": "minecraft:single_pool_element",
                "location": "unwrecked_ships:ship/sails/horizontal_white_sails_primary",
                "projection": "rigid",
                "processors": "unwrecked_ships:sails/gray_sails"
            }
        },
        {
            "weight": 1,
            "element": {
                "element_type": "minecraft:single_pool_element",
                "location": "unwrecked_ships:ship/sails/horizontal_white_sails_primary",
                "projection": "rigid",
                "processors": "unwrecked_ships:sails/black_sails"
            }
        },
        {
            "weight": 1,
            "element": {
                "element_type": "minecraft:single_pool_element",
                "location": "unwrecked_ships:ship/sails/horizontal_white_sails_primary",
                "projection": "rigid",
                "processors": "unwrecked_ships:sails/brown_sails"
            }
        },
        {
            "weight": 1,
            "element": {
                "element_type": "minecraft:single_pool_element",
                "location": "unwrecked_ships:ship/sails/horizontal_white_sails_primary",
                "projection": "rigid",
                "processors": "unwrecked_ships:sails/red_sails"
            }
        },
        {
            "weight": 1,
            "element": {
                "element_type": "minecraft:single_pool_element",
                "location": "unwrecked_ships:ship/sails/horizontal_white_sails_primary",
                "projection": "rigid",
                "processors": "unwrecked_ships:sails/orange_sails"
            }
        },
        {
            "weight": 1,
            "element": {
                "element_type": "minecraft:single_pool_element",
                "location": "unwrecked_ships:ship/sails/horizontal_white_sails_primary",
                "projection": "rigid",
                "processors": "unwrecked_ships:sails/yellow_sails"
            }
        },
        {
            "weight": 1,
            "element": {
                "element_type": "minecraft:single_pool_element",
                "location": "unwrecked_ships:ship/sails/horizontal_white_sails_primary",
                "projection": "rigid",
                "processors": "unwrecked_ships:sails/lime_sails"
            }
        },
        {
            "weight": 1,
            "element": {
                "element_type": "minecraft:single_pool_element",
                "location": "unwrecked_ships:ship/sails/horizontal_white_sails_primary",
                "projection": "rigid",
                "processors": "unwrecked_ships:sails/green_sails"
            }
        },
        {
            "weight": 1,
            "element": {
                "element_type": "minecraft:single_pool_element",
                "location": "unwrecked_ships:ship/sails/horizontal_white_sails_primary",
                "projection": "rigid",
                "processors": "unwrecked_ships:sails/cyan_sails"
            }
        },
        {
            "weight": 1,
            "element": {
                "element_type": "minecraft:single_pool_element",
                "location": "unwrecked_ships:ship/sails/horizontal_white_sails_primary",
                "projection": "rigid",
                "processors": "unwrecked_ships:sails/light_blue_sails"
            }
        },
        {
            "weight": 1,
            "element": {
                "element_type": "minecraft:single_pool_element",
                "location": "unwrecked_ships:ship/sails/horizontal_white_sails_primary",
                "projection": "rigid",
                "processors": "unwrecked_ships:sails/blue_sails"
            }
        },
        {
            "weight": 1,
            "element": {
                "element_type": "minecraft:single_pool_element",
                "location": "unwrecked_ships:ship/sails/horizontal_white_sails_primary",
                "projection": "rigid",
                "processors": "unwrecked_ships:sails/purple_sails"
            }
        },
        {
            "weight": 1,
            "element": {
                "element_type": "minecraft:single_pool_element",
                "location": "unwrecked_ships:ship/sails/horizontal_white_sails_primary",
                "projection": "rigid",
                "processors": "unwrecked_ships:sails/magenta_sails"
            }
        },
        {
            "weight": 1,
            "element": {
                "element_type": "minecraft:single_pool_element",
                "location": "unwrecked_ships:ship/sails/horizontal_white_sails_primary",
                "projection": "rigid",
                "processors": "unwrecked_ships:sails/pink_sails"
            }
        }
    ]
}