{
    "name": "unwrecked_ships:ship/sailor_layout",
    "fallback": "minecraft:empty",
    "elements": [
        {
            "weight": 2,
            "element": {
                "element_type": "minecraft:single_pool_element",
                "location": "unwrecked_ships:ship/sailor_layout/merchant_ship",
                "projection": "rigid",
                "processors": "minecraft:empty"
            }
        },
        {
            "weight": 1,
            "element": {
                "element_type": "minecraft:single_pool_element",
                "location": "unwrecked_ships:ship/sailor_layout/privateer_ship",
                "projection": "rigid",
                "processors": "minecraft:empty"
            }
        },
        {
            "weight": 1,
            "element": {
                "element_type": "minecraft:single_pool_element",
                "location": "unwrecked_ships:ship/sailor_layout/pillager_pirate_ship",
                "projection": "rigid",
                "processors": "minecraft:empty"
            }
        }
    ]
}